{"stats":{"minecraft:used":{"minecraft:grass_block":4},"minecraft:killed_by":{"iceandfire:ice_dragon":2},"minecraft:custom":{"minecraft:jump":15,"minecraft:time_since_rest":5248,"minecraft:crouch_one_cm":14,"minecraft:damage_dealt":58,"minecraft:play_one_minute":6232,"minecraft:damage_taken":246,"minecraft:leave_game":4,"minecraft:sprint_one_cm":4635,"minecraft:walk_one_cm":10818,"minecraft:time_since_death":5197,"minecraft:deaths":2,"minecraft:sneak_time":45,"minecraft:fly_one_cm":13841}},"DataVersion":2586}