{"stats":{"minecraft:custom":{"minecraft:jump":29,"minecraft:time_since_rest":6805,"minecraft:damage_taken":140,"minecraft:crouch_one_cm":65,"minecraft:play_one_minute":6805,"minecraft:leave_game":5,"minecraft:sprint_one_cm":6683,"minecraft:time_since_death":6805,"minecraft:walk_one_cm":14800,"minecraft:sneak_time":8,"minecraft:fall_one_cm":1114,"minecraft:fly_one_cm":3273},"minecraft:picked_up":{"minecraft:oak_log":8},"minecraft:mined":{"minecraft:grass":2,"minecraft:oak_log":8},"minecraft:used":{"minecraft:oak_log":4}},"DataVersion":2586}