{"stats":{"minecraft:used":{"minecraft:grass_block":4},"minecraft:custom":{"minecraft:jump":17,"minecraft:time_since_rest":6685,"minecraft:damage_dealt":64,"minecraft:play_one_minute":7669,"minecraft:crouch_one_cm":92,"minecraft:damage_taken":246,"minecraft:leave_game":5,"minecraft:sprint_one_cm":8107,"minecraft:time_since_death":6634,"minecraft:walk_one_cm":15706,"minecraft:deaths":2,"minecraft:sneak_time":60,"minecraft:fly_one_cm":14251},"minecraft:killed_by":{"iceandfire:ice_dragon":2}},"DataVersion":2586}