{"stats":{"minecraft:used":{"minecraft:oak_log":4},"minecraft:custom":{"minecraft:jump":26,"minecraft:time_since_rest":6107,"minecraft:damage_taken":45,"minecraft:crouch_one_cm":65,"minecraft:play_one_minute":6107,"minecraft:leave_game":3,"minecraft:sprint_one_cm":6683,"minecraft:time_since_death":6107,"minecraft:walk_one_cm":11301,"minecraft:sneak_time":8,"minecraft:fall_one_cm":1114,"minecraft:fly_one_cm":3273},"minecraft:mined":{"minecraft:grass":1,"minecraft:oak_log":8},"minecraft:picked_up":{"minecraft:oak_log":8}},"DataVersion":2586}