{"stats":{"minecraft:crafted":{"minecraft:oak_planks":12,"minecraft:crafting_table":1,"minecraft:stick":4,"minecraft:wooden_axe":1},"minecraft:used":{"minecraft:iron_ore":10,"minecraft:crafting_table":1,"minecraft:oak_sapling":2,"minecraft:iron_axe":17,"minecraft:oak_button":2,"minecraft:oak_planks":1,"minecraft:iron_pickaxe":8,"minecraft:oak_log":13,"minecraft:wooden_axe":5},"minecraft:custom":{"minecraft:time_since_rest":12705,"minecraft:crouch_one_cm":62,"minecraft:sprint_one_cm":27283,"minecraft:play_time":28176,"minecraft:walk_one_cm":23260,"minecraft:deaths":1,"minecraft:sneak_time":137,"minecraft:drop":66,"minecraft:jump":128,"minecraft:leave_game":1,"minecraft:time_since_death":12669,"minecraft:total_world_time":28176,"minecraft:interact_with_crafting_table":1,"minecraft:fall_one_cm":2055,"minecraft:fly_one_cm":66126},"minecraft:dropped":{"minecraft:netherite_ingot":2884},"minecraft:mined":{"minecraft:short_grass":1,"minecraft:oak_log":12,"minecraft:oak_sapling":2,"minecraft:stripped_oak_log":1,"minecraft:iron_ore":8,"minecraft:oak_leaves":4,"minecraft:crafting_table":1},"minecraft:picked_up":{"minecraft:wooden_axe":1,"minecraft:stripped_oak_log":1,"minecraft:raw_iron":8,"minecraft:stick":6,"minecraft:crafting_table":1,"minecraft:netherite_ingot":2822,"minecraft:oak_log":97,"minecraft:oak_button":1,"minecraft:oak_sapling":10,"minecraft:oak_planks":3}},"DataVersion":3953}